ファイル,アイテム,画角
DSC00025.JPG,ローファー①,上から2足（縦）
DSC00012.JPG,ローファー①,かかとの寄り
DSC00016.JPG,ローファー①,つま先の寄り（縦）
DSC00038.JPG,ローファー①,正面に立てた2足（縦）
DSC00059.JPG,ローファー①,正面2足（かかと左）
DSC00072.JPG,ローファー①,斜め2足（横）
DSC00079.JPG,ローファー①,中敷きの寄り
DSC00101.JPG,ローファー①,履いて片足を持つ（引き）
DSC00119.JPG,ローファー①,履いて片足を持つ（寄り）
DSC00131.JPG,ローファー①,歩き
DSC09502.JPG,デニム,吊るし全体（正面）
DSC09515.JPG,デニム,吊るし（寄り）
DSC09532.JPG,デニム,ウエスト正面（ハンガー）
DSC09534.JPG,デニム,ポケット斜め
DSC09539.JPG,デニム,裾
DSC09563.JPG,デニム,前開き
DSC09579.JPG,デニム,吊るし全体（後ろ）
DSC09594.JPG,デニム,後ろウエスト（ハンガー）
DSC09596.JPG,シャツ,吊るし全体
DSC09603.JPG,シャツ,襟（ハンガー）
DSC09606.JPG,シャツ,襟の寄り
DSC09607.JPG,シャツ,ポケット
DSC09611.JPG,シャツ,袖口
DSC09624.JPG,シャツ,裾
DSC09630.JPG,シャツ,後ろ全体
DSC09643.JPG,ヘンリー（グレー）,吊るし全体
DSC09645.JPG,ヘンリー（グレー）,襟（ハンガー）
DSC09675.JPG,ヘンリー（グレー）,前立ての寄り
DSC09676.JPG,ヘンリー（グレー）,ネームの寄り
DSC09668.JPG,ヘンリー（グレー）,袖
DSC09677.JPG,ヘンリー（グレー）,後ろ全体
DSC09695.JPG,ヘンリー（グレー）,生地
DSC09717.JPG,ヘンリー（黒）,吊るし全体
DSC09723.JPG,ヘンリー（黒）,襟（ハンガー）
DSC09722.JPG,ヘンリー（黒）,前立ての寄り
DSC09726.JPG,ヘンリー（黒）,裾
DSC09730.JPG,ヘンリー（黒）,袖口
DSC09740.JPG,ヘンリー（黒）,肩
DSC09741.JPG,ヘンリー（黒）,後ろ全体
DSC09772.JPG,スラックス,吊るし全体
DSC09792.JPG,スラックス,ウエスト正面
DSC09780.JPG,スラックス,脚の寄り
DSC09814.JPG,スラックス,裾
DSC09790.JPG,スラックス,ウエスト横
DSC09793.JPG,スラックス,前開き
DSC09831.JPG,スラックス,後ろ全体
DSC09818.JPG,スラックス,後ろウエスト（ハンガー）
DSC09820.JPG,スラックス,後ろポケット
DSC09846.JPG,ローファー②,かかと横の寄り
DSC09900.JPG,ローファー②,1足斜め
DSC09898.JPG,ローファー②,1足横
DSC09906.JPG,ローファー②,2足正面の寄り（縦）
DSC09919.JPG,ローファー②,重ねた2足の寄り
DSC09936.JPG,ローファー②,かかと後ろ
DSC09942.JPG,ローファー②,ソール横
DSC09947.JPG,ローファー②,ソールの寄り
DSC09952.JPG,ローファー②,2足上から（縦）
DSC09963.JPG,ローファー②,2足正面（引き）
DSC09984.JPG,ローファー②,スツールの上
DSC09998.JPG,ローファー②,上から2足（横）
