ファイル,画角
DSC00038.JPG,正面に立てた2足（縦）
DSC00059.JPG,正面2足（かかと左）
DSC00049.JPG,正面2足（向き違い）
DSC00072.JPG,斜め2足（横）
DSC00025.JPG,上から2足（縦）
DSC09998.JPG,上から2足（横）
DSC09952.JPG,2足上から（縦）
DSC09963.JPG,2足正面（引き）
DSC09962.JPG,2足斜め
DSC09984.JPG,スツールの上
DSC09989.JPG,スツールの寄り
DSC09966.JPG,2足上から（横・斜め）
DSC00012.JPG,かかとの寄り
DSC00016.JPG,つま先の寄り（縦）
DSC00019.JPG,2足の寄り（横）
DSC00079.JPG,中敷きの寄り
DSC00086.JPG,2足かかと（横）
DSC09906.JPG,2足正面の寄り（縦）
DSC09919.JPG,重ねた2足の寄り
DSC09846.JPG,かかと横の寄り
DSC09898.JPG,1足横
DSC09900.JPG,1足斜め
DSC09886.JPG,つま先斜めの寄り
DSC09936.JPG,かかと後ろ
DSC09947.JPG,ソールの寄り
DSC09869.JPG,中敷き上から
DSC09933.JPG,斜めの寄り
DSC00101.JPG,履いて片足を持つ（引き）
DSC00119.JPG,履いて片足を持つ（寄り）
DSC00131.JPG,歩き
